{"cameraMode":{"drawMode":0,"name":"Shaded","section":"Shading Mode"},"sceneLighting":true,"audioPlay":false,"sceneViewState":{"m_AlwaysRefresh":false,"showFog":true,"showSkybox":true,"showFlares":true,"showImageEffects":true,"showParticleSystems":true,"showVisualEffectGraphs":true,"m_FxEnabled":true},"in2DMode":false,"pivot":{"x":14.112445831298829,"y":19.469388961791993,"z":-4.940163612365723},"rotation":{"x":0.22392702102661134,"y":0.051860153675079349,"z":-0.011672933585941792,"w":0.9732430577278137},"size":4.223933696746826,"orthographic":false}