{"cameraMode":{"drawMode":0,"name":"Shaded","section":"Shading Mode"},"sceneLighting":false,"audioPlay":false,"sceneViewState":{"m_AlwaysRefresh":false,"showFog":true,"showSkybox":true,"showFlares":true,"showImageEffects":true,"showParticleSystems":true,"showVisualEffectGraphs":true,"m_FxEnabled":true},"in2DMode":false,"pivot":{"x":26.968021392822267,"y":12.218474388122559,"z":10.026050567626954},"rotation":{"x":0.2733055055141449,"y":0.13925233483314515,"z":-0.040479302406311038,"w":0.9510535597801209},"size":9.427193641662598,"orthographic":false}